file:line	conversion	SOURCE	GUARD at 547fa8cd	STATUS after QA-B-181d	NOTE (auditor agent, read from the code at 547fa8cd; not independently run unless STATUS says FIXED with a red/green test)
modules/enhance_advanced/src/collimation_detect.cpp:140	static_cast<int>(2.0f*(1.0f-confidenceStrictness)+1.0f)	PARAM	LIMITED-FLOAT	checked at 547fa8cd	JSON key confidence_strictness via xpe_detect_collimation(configJsonOrNull); parse_collimation_config (enhance_advanced_helpers.cpp:394-398) does std::clamp(val,0,1) -> operand in [1,3]; JSON cannot carry NaN (nlohmann rejects it); is_number gate present; huge JSON numbers become inf in get<float> but clamp bounds them. Then std::max(1,..)
modules/enhance_advanced/src/detail/hough_transform.cpp:18	static_cast<int>(180.0f/thetaStep)	INTERNAL	CONST	checked at 547fa8cd	ctor HoughTransform(float thetaStep,...) has no check itself (0/NaN would be UB); sole non-test call site collimation_detect.cpp:143 passes float(int>=1, <=3) -> 60..180
modules/enhance_advanced/src/detail/hough_transform.cpp:29	static_cast<int>(diag/rhoStep_)+1	INTERNAL	NONE	OPEN/bounded by image size (see report)	diag=sqrt(rows^2+cols^2) (double) from Eigen dims; rhoStep=1 at the only call site. No bound; exceeds INT_MAX only if a dimension > ~1.5e9 (practically unreachable, edge buffers allocated first)
modules/enhance_advanced/src/detail/hough_transform.cpp:55	static_cast<int>(magnitude)	PIXEL	BOUND-ONLY	OPEN (pixel-driven, decision needed)	magnitude = Sobel sqrt(gx^2+gy^2) of image pixels (edge_detection.cpp:62). Only guard is `magnitude < kEdgeMagnitudeThreshold(3.0f) -> continue` (line 51): NaN passes (comparison false) -> cast of NaN is UB; +inf or >=2^31 also UB. No isfinite on pixels anywhere in collimation_detect.cpp / edge_detection.cpp / hough_transform.cpp (git grep isfinite shows none there)
modules/enhance_advanced/src/detail/hough_transform.cpp:68	static_cast<int>(std::lround(rho/rhoStep_))	INTERNAL	POST-CLAMP	OPEN/bounded by image size (see report)	rho=x*cos+y*sin of loop indices, bounded by image dims (finite, not pixel-derived); result clamped to [0,2*maxRho_-1] on line 71 after conversion; lround returns 32-bit long on Windows
modules/enhance_advanced/src/detail/hough_transform.cpp:90	static_cast<int>(maxAccumulatorValue*kAdaptiveThresholdFactor)	INTERNAL	CONST	checked at 547fa8cd	int*0.1f (hough_transform.h:35) <= INT_MAX/10, cannot overflow
modules/enhance_advanced/src/detail/hough_transform.cpp:159	static_cast<int>(std::lround(pos))	INTERNAL	POST-CLAMP	OPEN/bounded by image size (see report)	pos from LinePosition (lines 124-129): (rho-centre*s)/c with |c|>=kTrigEps(1e-3f) -> finite, magnitude about <= (diag+centre)*1e3; rho/theta come from accumulator bins; range test v>=0&&v<limit afterwards (line 162)
modules/enhance_advanced/src/detail/hough_transform.cpp:274	static_cast<int>(std::lround(a->pos))	INTERNAL	POST-CLAMP	OPEN/bounded by image size (see report)	same pos as :159; std::max(0,..) applied after the conversion
modules/enhance_advanced/src/detail/hough_transform.cpp:275	static_cast<int>(std::lround(b->pos))	INTERNAL	POST-CLAMP	OPEN/bounded by image size (see report)	same; std::min(imageHeight-1,..) after the conversion
modules/enhance_advanced/src/detail/hough_transform.cpp:276	static_cast<int>(std::lround(c->pos))	INTERNAL	POST-CLAMP	OPEN/bounded by image size (see report)	same; std::max(0,..) after the conversion
modules/enhance_advanced/src/detail/hough_transform.cpp:277	static_cast<int>(std::lround(d->pos))	INTERNAL	POST-CLAMP	OPEN/bounded by image size (see report)	same; std::min(imageWidth-1,..) after the conversion
modules/enhance_advanced/src/mfp_scalar.cpp:236	static_cast<int>(std::floor(srcX))	INTERNAL	CONST	checked at 547fa8cd	srcX=(float(x)-0.5)*0.5 with x in [0,2*width): |srcX|<=2^30; clamped to [0,width-1] afterwards
modules/enhance_advanced/src/mfp_scalar.cpp:237	static_cast<int>(std::floor(srcY))	INTERNAL	CONST	checked at 547fa8cd	same as :236 for y
modules/enhance_basic/src/contrast_enhance.cpp:71	static_cast<int>((v-tmin)*out.val_scale)	PIXEL	POST-CLAMP	OPEN (pixel-driven, decision needed)	v,tmin from image pixels; val_scale=63/range (line 64). Converted first, clamped to [0,NUM_BINS-1] on lines 72-73. Guard `range<=0` (line 59) passes NaN; finite pixels with range overflow to +inf give val_scale 0 and inf*0=NaN; NaN/inf pixels give NaN/inf operand -> UB. No isfinite on pixels in enhance_basic (git grep shows none)
modules/enhance_basic/src/contrast_enhance.cpp:80	static_cast<int>(clip_limit*float(tile_area)/float(NUM_BINS))	PARAM	BOUND-ONLY	FIXED 181d	XpeClaheParams.clip_limit via xpe_contrast_enhance(img,params); only validation is `p->clip_limit < 1.0f -> INVALID_INPUT` (contrast_enhance.cpp:146): no upper bound (1e30 -> UB), NaN passes the comparison; only `clip_count<1` clamp (line 82) afterwards, no upper clamp
modules/enhance_basic/src/contrast_enhance.cpp:111	static_cast<int>((v-t.val_min)*t.val_scale)	PIXEL	POST-CLAMP	OPEN (pixel-driven, decision needed)	tile_lookup; guard `val_scale<=0 -> return 0.5` (line 110) passes NaN scale; v pixel unsanitised; converted first, clamped to [0,NUM_BINS-1] lines 112-113
modules/enhance_basic/src/edge_enhance.cpp:100	static_cast<int>(std::ceil(2.0f*sigma))	PARAM	BOUND-ONLY	FIXED 181d	XpeUsmParams.radius via xpe_edge_enhance(img,params); validated by `radius<0.5f || radius>10.0f -> INVALID_INPUT` (edge_enhance.cpp:79): for finite values operand in [1,20] (safe), but NaN passes both comparisons -> ceil(NaN) cast UB. No isnan
modules/enhance_basic/src/noise_reduce.cpp:185	static_cast<int>(std::ceil(2.0f*sigma_space))	PARAM	POST-CLAMP	FIXED 181d	XpeNoiseReduceParams.sigma_space via xpe_noise_reduce; validated only `sigma_space<=0 -> INVALID_INPUT` (noise_reduce.cpp:316): no upper bound, NaN passes; cast happens first, int clamped to [1,maxRad<=15] on lines 188-189 afterwards (does not help for >=2^31 or NaN)
modules/enhance_basic/src/noise_reduce.cpp:353	static_cast<int>(0.1f*float(min(w,h)))	INTERNAL	CONST	checked at 547fa8cd	from validated image dims (w,h int); product <= 2.2e8, fits int
modules/gsvg/src/gsvg.cpp:262	static_cast<int>(iterations) [double]	PARAM	FINITE+BOUND	checked at 547fa8cd	JSON key vg_iterations via json_get_number (gsvg.cpp:201-213) which rejects NaN/Inf (isfinite, gsvg.cpp:210); gsvg.cpp:260 requires x==floor(x) (also rejects NaN), x>=1, x<=100 before the cast at :262. Reached through the config JSON of xpe_gsvg_init (read_virtual_grid_config, gsvg.cpp:246). Safe.
modules/gsvg/src/gsvg.cpp:267	static_cast<int>(levels) [double]	PARAM	NONE (finite + integral only, NO range bound)	FIXED 181d	JSON key vg_pyramid_levels via json_get_number: isfinite at gsvg.cpp:210 rejects NaN/Inf; gsvg.cpp:266 only tests levels==floor(levels). No upper/lower bound before the cast, so 1e10 or 1e300 (finite, integral) is a double->int conversion out of range = UB. The 4..8 range check exists only AFTER the cast on the int (virtual_grid.cpp:714), so it cannot repair the UB. OPEN DEFECT.
modules/gsvg/src/gsvg.cpp:295	static_cast<uint16_t>(clamped + 0.5f) [float]	PARAM	BOUND-ONLY	FIXED 181d	apply_vignette_scalar: v = src*gain[i] (gain = caller float32 gainMap of xpe_gsvg_process*, gsvg.cpp:374/532); clamped by gsvg.cpp:293-294 with < 0 and > 65535 comparisons only. NaN gain (or inf*0) gives NaN which passes both comparisons -> cast of NaN to uint16_t is UB. Only validation of gainMap is its length (gsvg.cpp:412); no isfinite on the elements.
modules/gsvg/src/gsvg.cpp:497	static_cast<uint16_t>(std::clamp(std::round(img[i]),0.0,65535.0)) [double]	PIXEL (+PARAM: vg_pyramid_gain, vg_denoise_k, vg_air_signal, table)	BOUND-ONLY	OPEN (pixel-driven, decision needed)	std::clamp(NaN, lo, hi) returns NaN (comparisons false) -> cast UB. img is the double result of the virtual-grid chain (pixels divided/multiplied by PARAM and TABLE values; pyramidGain/denoiseK/airSignal are only finite via json isfinite and >0/>=0 checks at virtual_grid.cpp:712-718, so overflow to inf/NaN in the chain is not excluded). No std::isfinite anywhere on the output (grep: only gsvg.cpp:210, virtual_grid.cpp:46,426).
modules/gsvg/src/grid_dwt.cpp:358	std::llround(predictedFreq * double(n)) -> long long	INTERNAL	LIMITED-FLOAT	checked at 547fa8cd	predictedFreq is gate=FoldDouble(phi) (grid_dwt.cpp:477-478, FoldDouble at :410-411 returns |x-round(x)| in [0,0.5]) or -1 (skipped by the >=0 test at :357); phi comes from the detected peak frequency of uint16 image data. n is a line length (int). Product <= ~n/2, so llround is in range; result then used in 64-bit arithmetic with kSubbandGateBins=3.
modules/gsvg/src/grid_dwt.cpp:511	static_cast<uint16_t>(v) [double]	PIXEL	BOUND-ONLY	OPEN (pixel-driven, decision needed)	grid_dwt.cpp:508-510: v=round(exp(rec[i])-1 or rec[i]) then v<0 -> 0 and v>65535 -> 65535 comparisons. NaN would pass both. Input is uint16 pixels (log(v+1) finite), band-stop only attenuates, so NaN is not expected, but there is no isfinite guard in the code.
modules/gsvg/src/virtual_grid.cpp:422	static_cast<int>(ratio) [double]	TABLE (sMin from kernel table terms s[]) + PARAM (pixel pitch)	LIMITED-FLOAT	checked at 547fa8cd	DerivedReductionFactor (virtual_grid.cpp:419-423): ratio=floor(0.5*sMin/pitchCm); line 421 `!(ratio <= kMaxReductionFactor(1<<20)) return 0` rejects NaN and anything above 2^20 (QA-B-181c, present in 547fa8cd); ratio<1 -> 1. Table numbers are loaded with ToNumber (virtual_grid.cpp:42-47, strtod + isfinite); pixelPitchMm>0 is checked at virtual_grid.cpp:712 (finite via JSON isfinite). Caller 758-759 refuses f==0. Safe.
modules/gsvg/src/virtual_grid.cpp:429	static_cast<int>(r) [double]	TABLE (kernel widths) + PARAM (pitch)	FINITE+BOUND	checked at 547fa8cd	GaussKernelRadius (virtual_grid.cpp:425-431): line 426 !isfinite(sigmaPx)||!(sigmaPx>0) -> false; r=ceil(4*sigma); line 428 r>kMaxGaussRadius(1<<20) -> false; r<1 -> 1. Real isfinite plus upper bound (QA-B-181c, present in 547fa8cd). Safe. GaussTaps (:438-450) returns empty on false.
modules/gsvg/src/virtual_grid.cpp:870	static_cast<int>(cy) [double]	INTERNAL	LIMITED-FLOAT	checked at 547fa8cd	cy=std::clamp((y+0.5)/f-0.5, 0.0, double(ch-1)) (line 869); y int in [0,height), f int in 1..2^20 (checked :755/:759), so the operand is finite (NaN impossible) and clamped to [0,ch-1].
modules/gsvg/src/virtual_grid.cpp:874	static_cast<int>(cx) [double]	INTERNAL	LIMITED-FLOAT	checked at 547fa8cd	same as :870 for x and cw (line 873).
modules/ai/src/ai.cpp:796	*widthOut = static_cast<uint32_t>(estimatedWidth)  (float estimatedWidth = maxWidth*(1+0.7*(partCount-1)))	PARAM	POST-CLAMP	FIXED 181d	Arrives via public xpe_stitch_estimate_size(parts, partCount, ...). Validation (ai.cpp:206 validateImageBuffer, called ai.cpp:772-775) only checks width/height != 0, data != NULL, dataSize <= 64MB, and for UINT16/FLOAT32 the pixel count <= 4096*4096*4/bpp (ai.cpp:230-232); for any other format bpp==0 so width is unbounded (up to 2^32-1). partCount is only checked >= 2 (ai.cpp:760), no upper bound. Clamp to 4096 happens at ai.cpp:811 AFTER the conversion, on the converted uint32. float > UINT32_MAX (e.g. two parts of width 3e9 with a non-UINT16/FLOAT32 format -> 5.1e9) makes the cast undefined behaviour before the clamp can act. NaN/inf cannot occur (operands are finite integers converted to float).
modules/display/include/xpe/display/display_internal.h:67 (call site modality_lut.cpp:62)	static_cast<int32_t>(std::roundf(v)) in xpe_round_to_int(px[i]) - firstMapped	PIXEL	POST-CLAMP	OPEN (pixel-driven, decision needed)	px[i] is the caller's FLOAT32 image data (xpe_apply_modality_lut, LUT_TABLE mode). Helper has no guard; nothing precedes the call (modality_lut.cpp:62). idx is clamped to [0,len-1] only at modality_lut.cpp:63, after the cast. Float pixel value NaN/inf or |v| >= 2^31 makes the cast undefined behaviour. xpe_validate_float32 (modality_lut.cpp:27) checks format only, not values.
modules/display/include/xpe/display/display_internal.h:67 (call site presentation_lut.cpp:46)	static_cast<int32_t>(std::roundf(v)) in xpe_round_to_int(v*1023.0f)	PIXEL	BOUND-ONLY	OPEN (pixel-driven, decision needed)	v = xpe_clamp(src[i],0.0f,1.0f) (presentation_lut.cpp:44) is a pure ternary on < and >; NaN passes both comparisons unchanged, so NaN reaches roundf/cast (UB). Finite and inf inputs are bounded to [0,1023]. idx is also clamped at :47, after the cast (POST-CLAMP too), which cannot repair a NaN-derived cast.
modules/display/src/presentation_lut.cpp:264	static_cast<int32_t>(std::lround(ddl_f)), ddl_f double derived from luminanceValues	TABLE	BOUND-ONLY	FIXED 181d	Value arrives via public xpe_gsdf_calibrate(luminanceValues, count, outParams) (presentation_lut.cpp:77). Only validation: count>=2 and monotone check using `luminanceValues[i] < luminanceValues[i-1]` (lines 82-86), which NaN passes; no isfinite anywhere. lum_min/lum_max (from table ends) are tested only with <= (NaN passes); target_lum is clamped with < / > (NaN passes). A NaN table entry (at either end) propagates through log10f -> JND -> luminance_from_jnd -> ddl_f = NaN (the `<=`/`>=` branches are false, else-branch computes NaN), then std::lround(NaN) (result unspecified/UB) happens before xpe_clamp. For finite tables ddl_f is within ~[0,65535] so the cast is safe; clamp after lround is POST-CLAMP. inf in table: lum_max=inf gives NaN via polynomial on inf.
